{
  "flop": 0,
  "latency": 2.738068850505038,
  "bleu": 1.105056710178162,
  "size_ratio": 1.0001047486831112
}