{
  "flop": 0,
  "latency": 1.443685166666671,
  "bleu": 10.343603005129708,
  "size_ratio": 1.0545587282707112
}