{
  "flop": 0,
  "latency": 1.2451236909090941,
  "bleu": 56.591192566527035,
  "size_ratio": 1.0136680776905802
}