{
  "flop": 0,
  "latency": 4.139781105050464,
  "bleu": 19.72940627795884,
  "size_ratio": 0.9911244888164786
}