{
  "flop": 0,
  "latency": 1.2926067707069733,
  "bleu": 56.591192566527035,
  "size_ratio": 1.0409384172973322
}