{
  "flop": 0,
  "latency": 1.1499289494949327,
  "bleu": 29.50234363196403,
  "size_ratio": 1.0088787967707844
}