{
  "flop": 0,
  "latency": 1.1869910888888975,
  "bleu": 35.83129187641355,
  "size_ratio": 1.0409392495305176
}