{
  "flop": 0,
  "latency": 1.3488958030302456,
  "bleu": 56.591192566527035,
  "size_ratio": 1.0641191630312343
}