{
  "flop": 0,
  "latency": 1.938265996969722,
  "bleu": 12.982679446701692,
  "size_ratio": 0.9863977380838285
}