{
  "flop": 0,
  "latency": 1.9713320101010057,
  "bleu": 13.217947626377288,
  "size_ratio": 0.9454754279662712
}