{
  "flop": 0,
  "latency": 1.3743241666668085,
  "bleu": 56.591192566527035,
  "size_ratio": 1.163640918930904
}