{
  "flop": 0,
  "latency": 1.2369879484848743,
  "bleu": 24.07200129066123,
  "size_ratio": 1.2182293648616092
}