{
  "flop": 0,
  "latency": 0.9648578797979659,
  "bleu": 56.591192566527035,
  "size_ratio": 1.0467185888570887
}