{
  "flop": 0,
  "latency": 1.3577495878788695,
  "bleu": 56.591192566527035,
  "size_ratio": 1.1023422981939963
}