{
  "flop": 0,
  "latency": 1.3145843525252705,
  "bleu": 56.591192566527035,
  "size_ratio": 1.1570813089784857
}