{
  "flop": 0,
  "latency": 1.3788746323232755,
  "bleu": 56.591192566527035,
  "size_ratio": 1.0278054005267194
}