{
  "flop": 0,
  "latency": 1.3735113141414919,
  "bleu": 56.591192566527035,
  "size_ratio": 1.160294023823221
}