{
  "flop": 0,
  "latency": 1.3075209555554925,
  "bleu": 56.591192566527035,
  "size_ratio": 0.9876803871389267
}