{
  "flop": 0,
  "latency": 1.4328097636369586,
  "bleu": 29.50234363196403,
  "size_ratio": 2.905869281627714
}