{
  "flop": 0,
  "latency": 6.368950054546021,
  "bleu": 3.3796738640279074,
  "size_ratio": 2.228232842425996
}