{
  "flop": 0,
  "latency": 6.228000443433605,
  "bleu": 0.0,
  "size_ratio": 0.6284617828400114
}