{
  "flop": 0,
  "latency": 1.3927045222220418,
  "bleu": 56.591192566527035,
  "size_ratio": 3.8299554888316454
}