{
  "flop": 0,
  "latency": 0.817710243433454,
  "bleu": 26.269098944241588,
  "size_ratio": 2.626936065345667
}