{
  "flop": 0,
  "latency": 6.568361118180687,
  "bleu": 1.3499082584817912,
  "size_ratio": 1.4298213363098038
}