{
  "flop": 0,
  "latency": 6.28311820505034,
  "bleu": 2.747577956933031,
  "size_ratio": 1.8292391701246353
}