{
  "flop": 0,
  "latency": 0.8825004454546514,
  "bleu": 42.72870063962342,
  "size_ratio": 1.9229860252747224
}