{
  "flop": 130435959142,
  "latency": 1.3803845736842095,
  "bleu": 7.267884212102741
}