{
  "flop": 196505325796,
  "latency": 2.0260377842105286,
  "bleu": 43.47208719449914
}