{
  "flop": 0,
  "latency": 0.9777614444444198,
  "bleu": 56.591192566527035,
  "size_ratio": 0
}