{
  "flop": 0,
  "latency": 1.0612341606071702,
  "bleu": 35.83129187641355
}