{
  "flop": 0,
  "latency": 0.961596809092126,
  "bleu": 43.47208719449914
}