{
  "flop": 0,
  "latency": 1.2043228525241527,
  "bleu": 35.83129187641355
}