{
  "flop": 87710174390,
  "latency": 1.036394994736842,
  "bleu": 16.515821590069034
}