{
  "flop": 0,
  "latency": 0.6001281526315791,
  "bleu": 4.890450761160591
}