{
  "flop": 0,
  "latency": 1.036394994736842,
  "bleu": 16.515821590069034
}