{
  "flop": 137334236284,
  "latency": 1.5601256526315794,
  "bleu": 3.7159390072518104
}