{
  "flop": 878961158694,
  "latency": 8.575803010526318,
  "bleu": 24.17861497674479
}