{
  "flop": 329232078169,
  "latency": 3.196940205263161,
  "bleu": 5.960892164573544
}