{
  "flop": 0,
  "latency": 8.575803010526318,
  "bleu": 24.17861497674479
}