{
  "flop": 0,
  "latency": 12.260343210526319,
  "bleu": 1.2059803266894773
}