{
  "flop": 0,
  "latency": 5.801952652631579,
  "bleu": 0.9216168770877762
}