{
  "flop": 0,
  "latency": 1.739455752631579,
  "bleu": 42.649937722961546
}