{
  "flop": 0,
  "latency": 2.5417870000000002,
  "bleu": 31.53554052490131
}