{
  "flop": 0,
  "latency": 2.6020623947368424,
  "bleu": 56.591192566527035
}