{
  "flop": 0,
  "latency": 2.493171821052631,
  "bleu": 56.591192566527035
}