{
  "flop": 0,
  "latency": 0.7422770979764843,
  "bleu": 42.72870063962342,
  "size_ratio": 0
}