{
  "flop": 0,
  "latency": 1.1232614969738262,
  "bleu": 56.591192566527035,
  "size_ratio": 0
}