{
  "flop": 0,
  "latency": 0.731946267676187,
  "bleu": 42.72870063962342,
  "size_ratio": 0
}