{
  "flop": 0,
  "latency": 0.9150766111102492,
  "bleu": 37.150115998267175
}