{
  "flop": 0,
  "latency": 1.7556617474736118,
  "bleu": 31.53554052490131
}