{
  "flop": 0,
  "latency": 1.530200562625947,
  "bleu": 43.47208719449914
}