{
  "flop": 0,
  "latency": 1.3993823212119303,
  "bleu": 42.649937722961546
}