{
  "flop": 0,
  "latency": 2.048000033332195,
  "bleu": 56.591192566527035
}