{
  "flop": 0,
  "latency": 1.3516961272726813,
  "bleu": 29.50234363196403,
  "size_ratio": 1.256361405166957
}