{
  "flop": 0,
  "latency": 1.265351778787939,
  "bleu": 56.591192566527035,
  "size_ratio": 1.04172426648625
}