{
  "flop": 0,
  "latency": 1.3022783565657028,
  "bleu": 11.731175160263996,
  "size_ratio": 1.013668355101642
}