{
  "flop": 0,
  "latency": 1.2501509959595687,
  "bleu": 56.591192566527035,
  "size_ratio": 1.02663310472509
}