{
  "flop": 0,
  "latency": 5.5678790303030326,
  "bleu": 21.312212858880283,
  "size_ratio": 0.9863969058506431
}