{
  "flop": 0,
  "latency": 1.3041970050503873,
  "bleu": 56.591192566527035,
  "size_ratio": 2.025437853158098
}