{
  "flop": 0,
  "latency": 1.2888914101011213,
  "bleu": 27.901593935858266,
  "size_ratio": 0.9659881034606809
}