{
  "flop": 0,
  "latency": 1.5865818484847598,
  "bleu": 0.0,
  "size_ratio": 0.9871573242473813
}