{
  "flop": 0,
  "latency": 7.12020799494953,
  "bleu": 2.584686848506325,
  "size_ratio": 1.000346018285004
}