{
  "flop": 0,
  "latency": 1.9490037181818811,
  "bleu": 6.962249700749937,
  "size_ratio": 0.7818994925765905
}