{
  "flop": 0,
  "latency": 1.338190760606074,
  "bleu": 56.591192566527035,
  "size_ratio": 1.6545597919687511
}