{
  "flop": 0,
  "latency": 1.3880746595959403,
  "bleu": 56.591192566527035,
  "size_ratio": 1.1003944434200221
}