{
  "flop": 0,
  "latency": 1.2893519141414138,
  "bleu": 56.591192566527035,
  "size_ratio": 1.1063744506388649
}