{
  "flop": 0,
  "latency": 1.3109021777777115,
  "bleu": 30.130404892785695,
  "size_ratio": 1.0341674201158328
}