{
  "flop": 0,
  "latency": 1.3623060414141523,
  "bleu": 56.591192566527035,
  "size_ratio": 1.0673192773453977
}