{
  "flop": 0,
  "latency": 6.227497903030863,
  "bleu": 0.679364123713465,
  "size_ratio": 1.029760741064814
}