{
  "flop": 0,
  "latency": 1.3246024020206986,
  "bleu": 56.591192566527035,
  "size_ratio": 3.4242318241713554
}