{
  "flop": 0,
  "latency": 3.5688477848484763,
  "bleu": 6.429451441231725,
  "size_ratio": 0.9093931736619124
}