{
  "flop": 0,
  "latency": 1.3013303414141646,
  "bleu": 56.591192566527035,
  "size_ratio": 2.8642636733885953
}