{
  "flop": 0,
  "latency": 1.3411732272737698,
  "bleu": 56.591192566527035
}