{
  "flop": 0,
  "latency": 3.648200019191928,
  "bleu": 8.25791079503452,
  "size_ratio": 1.4217480675751326
}