{
  "flop": 0,
  "latency": 1.4146319282828304,
  "bleu": 35.83129187641355,
  "size_ratio": 1.2721497486064115
}