{
  "flop": 0,
  "latency": 6.636548388888899,
  "bleu": 0.4183823166799266,
  "size_ratio": 0.6383328486369696
}