{
  "flop": 0,
  "latency": 1.2548151151515017,
  "bleu": 56.591192566527035,
  "size_ratio": 1.4263206687829346
}