{
  "flop": 0,
  "latency": 4.176167602020224,
  "bleu": 17.242221289766626,
  "size_ratio": 1.0907703514899147
}