{
  "flop": 0,
  "latency": 6.534564876767679,
  "bleu": 0.6803508307399588,
  "size_ratio": 0.73
}