{
  "flop": 0,
  "latency": 1.493797772727274,
  "bleu": 29.50234363196403,
  "size_ratio": 1.93
}