{
  "flop": 0,
  "latency": 1.2745165151498055,
  "bleu": 56.591192566527035
}