{
  "flop": 0,
  "latency": 1.4454092919192012,
  "bleu": 29.50234363196403,
  "size_ratio": 2.202084023727471
}