{
  "flop": 0,
  "latency": 1.3769552808080783,
  "bleu": 31.239399369202552,
  "size_ratio": 1.33
}