{
  "flop": 0,
  "latency": 1.4857657202021184,
  "bleu": 56.591192566527035,
  "size_ratio": 2.44
}