{
  "flop": 0,
  "latency": 4.683606978950066,
  "bleu": 24.17861497674479
}