{
  "flop": 0,
  "latency": 1.8805451631549084,
  "bleu": 5.960892164573544
}