{
  "flop": 0,
  "latency": 6.717617752629418,
  "bleu": 1.2059803266894773
}