{
  "flop": 0,
  "latency": 3.250080621058403,
  "bleu": 0.9216168770877762
}