{
  "flop": 0,
  "latency": 1.311714752627794,
  "bleu": 43.47208719449914
}