{
  "flop": 0,
  "latency": 1.2365755030310317,
  "bleu": 31.53554052490131
}