{
  "flop": 0,
  "latency": 1.2250258263160696,
  "bleu": 42.649937722961546
}