{
  "flop": 0,
  "latency": 1.5398049842118973,
  "bleu": 31.53554052490131
}