{
  "flop": 0,
  "latency": 1.406278483838318,
  "bleu": 56.591192566527035
}