{
  "flop": 0,
  "latency": 1.601852905261024,
  "bleu": 56.591192566527035
}