{
  "flop": 0,
  "latency": 1.0883140292922928,
  "bleu": 56.591192566527035,
  "size_ratio": 0
}