{
  "flop": 0,
  "latency": 0.713719542425789,
  "bleu": 42.72870063962342,
  "size_ratio": 0
}