{
  "flop": 0,
  "latency": 0.648087091919304,
  "bleu": 42.72870063962342,
  "size_ratio": 0
}