{
  "flop": 0,
  "latency": 0.5382700090905395,
  "bleu": 42.72870063962342,
  "size_ratio": 0
}