{
  "flop": 0,
  "latency": 0.6312788989901428,
  "bleu": 56.591192566527035,
  "size_ratio": 0
}