{
  "flop": 0,
  "latency": 0.9154986909087518,
  "bleu": 42.72870063962342,
  "size_ratio": 0
}