{
  "flop": 0,
  "latency": 0.7215829292897868,
  "bleu": 42.72870063962342,
  "size_ratio": 0
}