{
  "flop": 0,
  "latency": 0.9705744464646535,
  "bleu": 42.649937722961546
}