{
  "flop": 0,
  "latency": 1.0961480484855,
  "bleu": 43.47208719449914
}